{"cameraMode":{"drawMode":0,"name":"Shaded","section":"Shading Mode"},"sceneLighting":true,"audioPlay":false,"sceneViewState":{"m_AlwaysRefresh":false,"showFog":true,"showSkybox":true,"showFlares":true,"showImageEffects":true,"showParticleSystems":true,"showVisualEffectGraphs":true,"m_FxEnabled":true},"in2DMode":false,"pivot":{"x":-0.05462494120001793,"y":2.853257417678833,"z":-0.7278175354003906},"rotation":{"x":-0.1796797215938568,"y":-0.10982929915189743,"z":0.02019128017127514,"w":-0.9773705005645752},"size":9.410686492919922,"orthographic":false}