{"cameraMode":{"drawMode":0,"name":"Shaded","section":"Shading Mode"},"sceneLighting":true,"audioPlay":false,"sceneViewState":{"m_AlwaysRefresh":false,"showFog":true,"showSkybox":true,"showFlares":true,"showImageEffects":true,"showParticleSystems":true,"showVisualEffectGraphs":true,"m_FxEnabled":true},"in2DMode":false,"pivot":{"x":0.31506267189979555,"y":3.556709051132202,"z":-0.5374254584312439},"rotation":{"x":-0.1796797215938568,"y":-0.10982929915189743,"z":0.02019128017127514,"w":-0.9773705005645752},"size":6.936767101287842,"orthographic":false}